{
    "adult": {
        "sex": {
            "lr": 0.2907564349573155,
            "rf": 0.21790388296590102,
            "svm": 0.30319224272400536
        },
        "race": {
            "lr": 0.06480817743650187,
            "rf": 0.01,
            "svm": 0.07909816290674229
        }
    },
    "default": {
        "sex": {
            "lr": 0.038568265717684624,
            "rf": 0.05151260946853628,
            "svm": 0.04082313403195523
        },
        "age": {
            "lr": 0.1447889139597743,
            "rf": 0.20297446613732015,
            "svm": 0.06414541480342201
        }
    },
    "compas": {
        "sex": {
            "lr": 0.3363566039046686,
            "rf": 0.18908889547072075,
            "svm": 0.3139619634671089
        },
        "race": {
            "lr": 0.20816582024694857,
            "rf": 0.2411047072087894,
            "svm": 0.213134228755684
        }
    },
    "mep1": {
        "sex": {
            "lr": 0.10854581998647342,
            "rf": 0.01,
            "svm": 0.07600636028757074
        },
        "race": {
            "lr": 0.1046845050094441,
            "rf": 0.01,
            "svm": 0.08276090970100854
        }
    },
    "mep2": {
        "sex": {
            "lr": 0.14543934761143265,
            "rf": 0.01,
            "svm": 0.1368265031059251
        },
        "race": {
            "lr": 0.09613052278370873,
            "rf": 0.01,
            "svm": 0.03313661514633319
        }
    }
}